 Excess kurtosis of the DM-SNR curve line, Excess kurtosis of the DM-SNR curve outlier candidate, Excess kurtosis of the integrated profile line, Excess kurtosis of the integrated profile outlier candidate, Mean of the DM-SNR curve line, Mean of the DM-SNR curve outlier candidate, Mean of the integrated profile line, Mean of the integrated profile outlier candidate, Skewness of the DM-SNR curve line, Skewness of the DM-SNR curve outlier candidate, Skewness of the integrated profile line, Skewness of the integrated profile outlier candidate, Standard deviation of the DM-SNR curve line, Standard deviation of the DM-SNR curve outlier candidate, Standard deviation of the integrated profile line, Standard deviation of the integrated profile outlier candidate,cap-shape line,cap-shape outlier candidate,cap-surface line,cap-surface outlier candidate,class line,class outlier candidate
4.0,19.03617062,4.0,-0.240785204,4.0,0.968227425,43.0,155.046875,4.0,469.5407905,4.0,-0.487395509,4.0,9.341388136,20.0,68.91609508,,,,,381.0,0.0
16.0,18.9541547,43.0,-0.401771128,16.0,0.920568562,61.0,143.109375,16.0,464.2133496,13.0,-0.558726642,16.0,9.371889853,63.0,65.52749779,,,,,514.0,0.0
26.0,18.19443105,44.0,-0.101815555,26.0,1.009197324,64.0,147.5234375,79.0,466.7812113,16.0,-0.696248578,26.0,9.705052421,149.0,79.08440748,,,,,860.0,0.0
79.0,19.29383965,61.0,-0.250942834,79.0,0.757525084,93.0,150.796875,148.0,590.2587782,17.0,-0.543944115,79.0,9.388835711,182.0,66.46426464,,,,,2404.0,0.0
145.0,18.58770705,64.0,-0.270451157,107.0,1.200668896,167.0,145.625,210.0,800.1119478,20.0,-1.342554186,148.0,8.81823759,282.0,72.8924705,,,,,3169.0,0.0
148.0,22.08963805,65.0,-0.266391407,143.0,1.198160535,215.0,160.15625,213.0,584.3789446,25.0,-0.453809418,202.0,9.776808016,290.0,69.22424499,,,,,,
202.0,19.83776014,89.0,-0.145550979,145.0,0.764214047,217.0,147.984375,224.0,533.3932663,39.0,-0.409539572,210.0,8.155357409,320.0,60.29166577,,,,,,
210.0,26.72061167,112.0,-0.276446079,148.0,0.683946488,251.0,147.28125,234.0,576.7457542,41.0,-0.438209802,213.0,8.956368126,356.0,76.08680947,,,,,,
213.0,22.76554322,148.0,-0.100562357,187.0,0.992474916,257.0,151.8671875,299.0,619.4467173,45.0,-0.555772288,224.0,9.033148369,362.0,69.39277468,,,,,,
224.0,20.54908805,153.0,-0.094764851,202.0,0.673913043,293.0,160.171875,312.0,526.41353,60.0,-0.371742333,234.0,8.938484839,409.0,63.60171125,,,,,,
234.0,22.2205552,154.0,-0.408218512,207.0,1.107859532,302.0,147.7421875,329.0,572.6929099,63.0,-0.805125685,276.0,10.04489355,424.0,60.41294209,,,,,,
276.0,19.01050319,159.0,-0.085338071,210.0,0.448160535,317.0,145.15625,561.0,563.7681942,65.0,-0.370034248,299.0,9.471101392,458.0,61.00824219,,,,,,
299.0,24.80000616,162.0,-0.114051155,212.0,1.172240803,325.0,150.09375,606.0,687.3500921,72.0,-0.366439749,312.0,9.347426528,512.0,60.41095379,,,,,,
312.0,21.54466351,165.0,-0.164018805,213.0,0.494983278,329.0,154.9765625,729.0,771.1912299,79.0,-0.359748328,329.0,9.045499535,624.0,61.14407245,,,,,,
329.0,22.32033128,167.0,-0.092444085,218.0,1.127926421,344.0,153.4296875,775.0,767.249553,84.0,-0.46692375,339.0,10.05649679,625.0,68.58205161,,,,,,
339.0,18.34727978,188.0,-0.118751191,224.0,0.877090301,398.0,145.71875,867.0,641.9650322,87.0,-0.368769008,353.0,10.06173086,635.0,74.10667031,,,,,,
353.0,16.90725578,193.0,-0.197472928,234.0,0.575250836,423.0,153.265625,870.0,570.9373762,88.0,-0.738947364,490.0,10.4356479,703.0,68.04469491,,,,,,
465.0,18.34357426,194.0,-0.092458704,276.0,0.643812709,464.0,143.46875,1347.0,558.8449995,91.0,-0.593252704,561.0,9.009992903,708.0,60.88744539,,,,,,
476.0,18.147227,202.0,-0.093155342,299.0,0.385451505,489.0,145.203125,1357.0,479.6709644,106.0,-0.490438395,583.0,10.06511862,849.0,62.1510552,,,,,,
561.0,22.07906526,215.0,-0.328510729,312.0,0.656354515,512.0,142.3203125,1622.0,495.3496895,113.0,-0.42634173,603.0,10.44750623,922.0,85.3085722,,,,,,
583.0,20.43001943,216.0,-0.12833218,315.0,1.037625418,541.0,141.84375,1637.0,491.3668406,120.0,-0.730342363,606.0,8.526606796,999.0,60.5335081,,,,,,
606.0,24.8038265,217.0,-0.264095118,329.0,0.680602007,579.0,150.828125,1658.0,558.2128358,131.0,-0.447354775,607.0,10.12878435,1155.0,69.8240495,,,,,,
607.0,16.33803018,220.0,-0.234571412,339.0,0.704013378,598.0,142.3203125,1856.0,682.4238526,149.0,-0.5356664,714.0,9.998303392,1264.0,69.59838578,,,,,,
610.0,16.04898479,223.0,-0.194942315,353.0,1.099498328,632.0,147.109375,1894.0,1017.38318,161.0,-0.400319574,729.0,8.21693767,1373.0,68.44832918,,,,,,
629.0,18.12971574,247.0,-0.191159541,384.0,0.959866221,653.0,153.2265625,2003.0,482.143733,171.0,-0.400675366,775.0,8.245448044,1602.0,60.46752209,,,,,,
714.0,19.92312867,251.0,-0.510215253,421.0,1.182274247,711.0,145.3515625,2007.0,1191.000837,180.0,-0.361925451,781.0,9.656682978,1700.0,91.20647473,,,,,,
729.0,25.83057657,254.0,-0.116343662,465.0,1.044314381,730.0,143.3359375,2070.0,515.9031905,182.0,-0.966162931,835.0,9.835624289,1833.0,62.45460656,,,,,,
759.0,18.90676348,256.0,-0.231185029,476.0,0.693143813,734.0,144.2734375,2071.0,470.9716559,185.0,-0.819733801,851.0,10.58576438,1858.0,61.79631795,,,,,,
775.0,26.00864648,257.0,-0.392350934,494.0,1.024247492,751.0,144.0859375,2221.0,550.6007042,187.0,-0.409286027,855.0,10.40742903,1884.0,74.56008311,,,,,,
781.0,19.29897046,293.0,-0.851336358,513.0,0.91722408,766.0,147.8359375,2282.0,508.3739762,191.0,-0.605070987,858.0,10.55214247,2007.0,71.70969399,,,,,,
835.0,18.10163502,301.0,-0.265456587,532.0,0.923076923,775.0,157.96875,2352.0,666.4879641,199.0,-0.385996938,865.0,10.65915933,2012.0,61.28765135,,,,,,
851.0,18.76284076,302.0,-0.269903549,561.0,0.556020067,819.0,146.1640625,2478.0,541.4329658,215.0,-0.388464679,867.0,9.18772207,2042.0,73.82474653,,,,,,
855.0,20.60540855,317.0,-0.251831759,570.0,0.950668896,822.0,142.6796875,2519.0,621.4272751,219.0,-0.543809943,870.0,9.24338977,2092.0,60.33762379,,,,,,
858.0,16.71590506,320.0,-0.084275426,583.0,0.678929766,824.0,154.546875,2728.0,505.7928421,220.0,-0.699648398,904.0,10.41259442,2169.0,62.41473432,,,,,,
867.0,25.14870995,325.0,-0.499946479,588.0,1.030100334,827.0,142.046875,2764.0,560.3515815,223.0,-0.396475874,924.0,9.573145409,2196.0,67.38557603,,,,,,
870.0,22.8667696,329.0,-0.280141686,593.0,0.897157191,849.0,176.890625,2770.0,1072.957979,247.0,-0.565564884,935.0,10.54475335,2258.0,67.27676483,,,,,,
908.0,16.26129078,331.0,-0.267096507,597.0,1.023411371,862.0,143.8515625,2822.0,646.0114,248.0,-0.694499652,944.0,10.51986191,2277.0,68.61193345,,,,,,
917.0,17.38217015,344.0,-0.328023302,606.0,0.428093645,896.0,147.15625,2934.0,757.2214897,269.0,-0.70011187,973.0,10.62139895,2330.0,61.36690802,,,,,,
924.0,19.66562033,348.0,-0.11259148,607.0,1.098662207,919.0,143.71875,2959.0,589.0490372,282.0,-1.221741092,977.0,10.03333483,2346.0,70.64059562,,,,,,
944.0,16.0248918,351.0,-0.17025761,610.0,0.97909699,924.0,142.296875,3061.0,471.3449512,290.0,-1.209024178,995.0,10.0389384,2352.0,66.64067995,,,,,,
951.0,16.43405227,363.0,-0.216316446,629.0,0.769230769,935.0,144.3359375,3160.0,606.9296621,316.0,-0.510958721,1095.0,9.805222982,2369.0,62.29785621,,,,,,
960.0,17.39021873,366.0,-0.368260131,678.0,0.889632107,998.0,143.015625,3223.0,585.7534445,317.0,-0.390753851,1103.0,10.39823051,2394.0,61.4354316,,,,,,
973.0,17.57922973,379.0,-0.146045492,686.0,1.155518395,1008.0,148.9296875,3292.0,688.313733,319.0,-0.669713639,1119.0,9.729844375,2415.0,68.74491769,,,,,,
977.0,17.17751267,398.0,-0.417461904,698.0,1.143812709,1013.0,146.8515625,3358.0,838.2974267,320.0,-0.744740048,1120.0,10.25110792,2422.0,68.54195083,,,,,,
995.0,16.18211689,423.0,-0.296754705,714.0,0.621237458,1022.0,147.65625,3493.0,542.7889663,325.0,-0.404308236,1140.0,10.11939731,2492.0,62.78682185,,,,,,
1095.0,18.6910021,444.0,-0.12585765,729.0,0.588628763,1065.0,155.203125,,,332.0,-0.430429637,1151.0,10.22003494,2679.0,64.45563774,,,,,,
1119.0,18.88962216,454.0,-0.197245073,759.0,0.671404682,1078.0,144.3359375,,,338.0,-0.476326038,1170.0,9.747227093,2744.0,61.4425659,,,,,,
1120.0,17.66364736,457.0,-0.094887839,775.0,0.493311037,1129.0,165.890625,,,340.0,-0.675699635,1292.0,10.33697336,2839.0,65.76618323,,,,,,
1140.0,16.30574295,464.0,-0.267399081,781.0,0.803511706,1145.0,156.3359375,,,344.0,-0.399454786,1298.0,9.776978163,2912.0,60.30210403,,,,,,
1151.0,18.40638877,470.0,-0.101687543,785.0,0.962374582,1154.0,143.21875,,,347.0,-0.48788421,1347.0,9.048203704,2942.0,61.27112548,,,,,,
1170.0,17.73436684,480.0,-0.121200047,813.0,1.129598662,1174.0,156.2578125,,,348.0,-0.441740666,1357.0,9.343990925,2956.0,77.45572702,,,,,,
1218.0,17.46600045,489.0,-0.329708776,835.0,0.842809365,1191.0,155.296875,,,356.0,-1.022955053,1482.0,9.903458863,2964.0,67.01576116,,,,,,
1258.0,17.94074456,505.0,-0.219529961,851.0,0.661371237,1236.0,148.34375,,,357.0,-0.648617371,1502.0,9.575039504,2971.0,66.94675938,,,,,,
1298.0,18.28692566,526.0,-0.104248241,855.0,0.637959866,1246.0,142.734375,,,361.0,-0.455934083,1544.0,10.54434548,3129.0,83.79690851,,,,,,
1327.0,17.97258747,527.0,-0.176102277,858.0,0.828595318,1247.0,147.9921875,,,362.0,-1.29079093,1552.0,10.07460298,3150.0,71.10621457,,,,,,
1347.0,21.83509649,529.0,-0.091393782,867.0,0.372073579,1287.0,144.703125,,,363.0,-0.736266956,1555.0,9.879962477,3192.0,65.36949517,,,,,,
1357.0,19.62280224,541.0,-0.383111275,870.0,0.561036789,1328.0,144.109375,,,425.0,-0.453282597,1574.0,10.38961189,3299.0,62.11591308,,,,,,
1367.0,17.07908266,555.0,-0.213913627,908.0,0.809364548,1331.0,143.734375,,,433.0,-0.385782398,1582.0,10.49927078,3302.0,69.20907408,,,,,,
1479.0,18.41205002,579.0,-0.262291657,916.0,1.095317726,1366.0,143.5390625,,,438.0,-0.600601906,1622.0,10.44372188,3354.0,77.07400563,,,,,,
1482.0,16.75470729,587.0,-0.179417872,917.0,0.756688963,1438.0,145.8046875,,,478.0,-0.415017276,1637.0,9.284064073,3418.0,62.88638184,,,,,,
1501.0,17.30055984,598.0,-0.183594679,924.0,0.66722408,1520.0,144.7890625,,,480.0,-0.361874096,1658.0,8.959399109,3442.0,73.32377456,,,,,,
1502.0,18.02280786,636.0,-0.140703597,944.0,1.094481605,1549.0,146.5,,,502.0,-0.425663549,1695.0,10.16124994,3452.0,60.61349762,,,,,,
1536.0,16.04164797,653.0,-0.176612355,960.0,0.72993311,1552.0,145.515625,,,509.0,-0.378226218,1748.0,10.15398619,,,,,,,,
1544.0,16.09535324,656.0,-0.084678994,973.0,0.757525084,1556.0,148.9140625,,,512.0,-0.736974819,1827.0,10.56690574,,,,,,,,
1552.0,17.77944407,668.0,-0.14203507,977.0,0.984113712,1627.0,143.328125,,,524.0,-0.618906387,1829.0,9.48942052,,,,,,,,
1555.0,17.5000631,691.0,-0.135232464,1007.0,1.029264214,1656.0,164.5078125,,,534.0,-0.874635091,1856.0,8.488049207,,,,,,,,
1574.0,16.8225932,705.0,-0.241032136,1008.0,1.106187291,1751.0,143.7421875,,,553.0,-0.414389038,1891.0,10.66114524,,,,,,,,
1588.0,20.93792904,711.0,-0.219935712,1020.0,1.139632107,1757.0,167.265625,,,555.0,-0.374011845,1894.0,7.658622807,,,,,,,,
1622.0,21.78880752,716.0,-0.094906495,1041.0,1.004180602,1782.0,144.2265625,,,583.0,-0.572024717,1927.0,9.386201227,,,,,,,,
1637.0,19.99435208,724.0,-0.083557254,1072.0,1.081939799,1800.0,146.0234375,,,587.0,-0.371064672,1935.0,9.549109095,,,,,,,,
1658.0,21.44159553,727.0,-0.176757596,1086.0,1.198160535,1801.0,142.7109375,,,594.0,-0.379142572,1955.0,9.928137163,,,,,,,,
1708.0,17.02761622,734.0,-0.259509928,1095.0,0.769230769,1836.0,148.1953125,,,610.0,-0.369975651,2003.0,9.299867214,,,,,,,,
1748.0,17.52460409,747.0,-0.18679188,1103.0,1.023411371,1853.0,144.9296875,,,618.0,-0.619413393,2007.0,7.370432165,,,,,,,,
1828.0,16.3641774,751.0,-0.172211141,1106.0,1.070234114,1862.0,146.15625,,,619.0,-0.558824836,2060.0,10.09294869,,,,,,,,
1829.0,19.17506463,758.0,-0.177173846,1119.0,0.719899666,1901.0,158.9375,,,625.0,-1.122277963,2070.0,9.186709289,,,,,,,,
1856.0,24.05379885,766.0,-0.10301978,1120.0,0.810200669,1903.0,158.40625,,,631.0,-0.744919658,2071.0,9.389436104,,,,,,,,
1894.0,30.88388219,775.0,-0.365303753,1151.0,0.727424749,1918.0,148.546875,,,635.0,-0.420055138,2187.0,10.0971003,,,,,,,,
1912.0,16.34060921,781.0,-0.28250821,1170.0,0.950668896,1926.0,144.328125,,,653.0,-0.646732341,2220.0,10.56774557,,,,,,,,
1927.0,18.56906191,783.0,-0.117317276,1180.0,0.95819398,1947.0,144.4453125,,,655.0,-0.487113554,2221.0,9.15378181,,,,,,,,
1935.0,19.07499425,795.0,-0.417136329,1181.0,1.056020067,1954.0,160.5703125,,,659.0,-0.474235211,2267.0,9.514711452,,,,,,,,
1955.0,19.19876364,809.0,-0.139766255,1183.0,1.109531773,1989.0,141.8515625,,,667.0,-0.66581044,2282.0,9.188624648,,,,,,,,
1976.0,17.24072051,810.0,-0.087739926,1210.0,0.955685619,2005.0,149.8359375,,,674.0,-0.470348603,2352.0,8.539595736,,,,,,,,
2002.0,16.48789423,819.0,-0.386948102,1218.0,0.785117057,2019.0,144.078125,,,705.0,-0.713381389,2433.0,9.735428743,,,,,,,,
2003.0,19.51418001,822.0,-0.221563426,1258.0,0.763377926,2077.0,146.4296875,,,708.0,-0.86378088,2475.0,10.19449468,,,,,,,,
2007.0,34.53984419,823.0,-0.377740339,1298.0,0.91722408,2093.0,141.96875,,,722.0,-0.601623716,2478.0,9.395387736,,,,,,,,
2060.0,17.07881177,824.0,-0.201807755,1318.0,1.06187291,2100.0,145.8515625,,,724.0,-0.645467061,2519.0,8.72880162,,,,,,,,
2070.0,20.80439884,826.0,-0.78854709,1327.0,0.773411371,2106.0,147.6171875,,,726.0,-0.782021499,2604.0,10.62037593,,,,,,,,
2071.0,19.5189226,827.0,-0.241620276,1335.0,1.12541806,2147.0,148.1015625,,,733.0,-0.398289466,2644.0,10.46534078,,,,,,,,
2170.0,16.38599613,836.0,-0.138694079,1347.0,0.648829431,2154.0,143.3515625,,,742.0,-0.372553152,2692.0,10.45048758,,,,,,,,
2208.0,17.02432566,849.0,-1.291564673,1357.0,0.928929766,2167.0,144.5078125,,,760.0,-0.429393945,2728.0,9.448068783,,,,,,,,
2220.0,16.48688383,862.0,-0.261784651,1367.0,0.763377926,2192.0,142.9765625,,,783.0,-0.581040759,2755.0,10.32512636,,,,,,,,
2221.0,22.18283696,864.0,-0.404696444,1442.0,0.89632107,2196.0,142.2265625,,,819.0,-0.55575902,2758.0,9.94223031,,,,,,,,
2267.0,17.82120171,870.0,-0.115859571,1444.0,1.198160535,2202.0,154.875,,,821.0,-0.540127446,2764.0,8.976702489,,,,,,,,
2282.0,20.26078352,882.0,-0.100384291,1479.0,0.711538462,2261.0,158.0078125,,,836.0,-0.457520726,2770.0,7.565681088,,,,,,,,
2346.0,16.64169541,888.0,-0.191620268,1482.0,1.091973244,2266.0,147.7578125,,,862.0,-0.521904293,2822.0,8.687455738,,,,,,,,
2352.0,23.70251524,892.0,-0.097906922,1501.0,0.828595318,2283.0,158.046875,,,863.0,-0.502977774,2852.0,9.782509647,,,,,,,,
2392.0,17.24020956,896.0,-0.441836412,1502.0,0.992474916,2303.0,142.5859375,,,869.0,68.10162173,2934.0,8.290459409,,,,,,,,
2398.0,17.51912706,913.0,-0.12966176,1522.0,1.200668896,2321.0,153.4375,,,878.0,-0.505224142,2959.0,8.827777214,,,,,,,,
2433.0,19.21606148,914.0,-0.119205418,1536.0,0.857023411,2346.0,158.0,,,882.0,-0.551908381,3061.0,9.47416996,,,,,,,,
2454.0,17.11944543,919.0,-0.113036125,1539.0,0.923913043,2415.0,146.3359375,,,919.0,-0.368045041,3160.0,8.758855399,,,,,,,,
2475.0,19.09730274,926.0,-0.304534483,1544.0,1.081103679,2436.0,142.7578125,,,922.0,-1.429338602,3215.0,10.19749262,,,,,,,,
2478.0,22.31692646,929.0,-0.174612459,1552.0,0.79180602,2451.0,161.546875,,,926.0,-0.441933472,3223.0,8.963456972,,,,,,,,
2519.0,23.02068599,957.0,-0.209818907,1555.0,0.873745819,2459.0,147.3828125,,,928.0,-0.435092834,3292.0,8.469054382,,,,,,,,
2557.0,16.77326368,998.0,-0.413088168,1574.0,0.821906355,2551.0,150.8203125,,,940.0,-0.563533859,3358.0,8.050996007,,,,,,,,
2579.0,15.99599601,1008.0,-0.193766156,1588.0,0.56270903,2555.0,162.8359375,,,954.0,-0.530465324,3423.0,9.50969558,,,,,,,,
2604.0,16.42580221,1013.0,-0.182015176,1610.0,0.961538462,2594.0,154.828125,,,971.0,-0.511846368,3471.0,10.65345059,,,,,,,,
2692.0,16.43328965,1022.0,-0.123452921,1616.0,0.933110368,2606.0,145.109375,,,989.0,-0.652397872,3493.0,9.05189596,,,,,,,,
2728.0,21.1251608,1030.0,-0.248043809,1622.0,0.537625418,2620.0,166.2421875,,,995.0,-0.486325997,,,,,,,,,,
2755.0,17.80359953,1033.0,-0.127177558,1637.0,0.722408027,2640.0,145.421875,,,999.0,-0.723727217,,,,,,,,,,
2758.0,18.56469558,1040.0,-0.205664678,1645.0,1.045150502,2658.0,150.9296875,,,1005.0,-0.482553483,,,,,,,,,,
2764.0,21.78444163,1057.0,-0.144282272,1658.0,0.689799331,2669.0,143.453125,,,1014.0,-0.679851066,,,,,,,,,,
2770.0,32.19858411,1065.0,-0.399585906,1708.0,0.773411371,2695.0,151.4140625,,,1016.0,-0.455453903,,,,,,,,,,
2822.0,23.80134612,1071.0,-0.382617094,1748.0,0.821070234,2716.0,142.390625,,,1019.0,-0.440315798,,,,,,,,,,
2842.0,18.50064207,1091.0,-0.239040645,1758.0,1.163879599,2750.0,154.2265625,,,1021.0,-0.489726222,,,,,,,,,,
2852.0,19.40777182,1094.0,-0.111385828,1764.0,1.071906355,2755.0,143.6171875,,,1026.0,-0.35863156,,,,,,,,,,
2881.0,17.89532069,1106.0,-0.216374693,1828.0,0.851170569,2773.0,159.6796875,,,1032.0,-0.91820436,,,,,,,,,,
2891.0,18.34771307,1129.0,-0.666761277,1829.0,0.720735786,2852.0,148.734375,,,1051.0,-0.403609368,,,,,,,,,,
2898.0,16.45809591,1137.0,-0.199351494,1842.0,1.094481605,2878.0,151.2109375,,,1070.0,-0.355371071,,,,,,,,,,
2912.0,16.10944959,1139.0,-0.126128261,1856.0,0.62541806,2879.0,150.25,,,1074.0,-0.558991494,,,,,,,,,,
2934.0,26.02936038,1142.0,-0.140807882,1874.0,0.936454849,2900.0,154.328125,,,1085.0,-0.392244981,,,,,,,,,,
2959.0,22.09169374,1145.0,-0.17873019,1894.0,0.486622074,2915.0,147.046875,,,1106.0,-0.467657593,,,,,,,,,,
3061.0,19.99649016,1154.0,-0.346445944,1912.0,0.878762542,2916.0,142.8671875,,,1109.0,-0.569587069,,,,,,,,,,
3106.0,18.97366748,1166.0,-0.217544351,1927.0,1.035117057,2928.0,147.1796875,,,1116.0,-0.421060232,,,,,,,,,,
3112.0,16.2029334,1171.0,-0.146920173,1935.0,0.722408027,2949.0,157.4140625,,,1139.0,-0.524239396,,,,,,,,,,
3160.0,22.48554855,1174.0,-0.635141984,1951.0,1.061036789,2953.0,150.09375,,,1152.0,-0.471336501,,,,,,,,,,
3215.0,16.79771444,1179.0,-0.412853166,1955.0,0.695652174,2963.0,147.1875,,,1155.0,-1.333386905,,,,,,,,,,
3223.0,22.84698125,1187.0,-0.13811222,1976.0,0.777591973,3009.0,142.2265625,,,1181.0,-0.366729824,,,,,,,,,,
3292.0,24.2116019,1191.0,-0.269462054,2002.0,1.150501672,3027.0,151.9453125,,,1187.0,-0.386839447,,,,,,,,,,
3358.0,27.36272953,1194.0,-0.223622621,2003.0,0.892140468,3047.0,155.5234375,,,1200.0,-0.41769841,,,,,,,,,,
3391.0,16.15530276,1204.0,-0.129649114,2007.0,0.213210702,3128.0,149.5234375,,,1212.0,-0.377866076,,,,,,,,,,
3423.0,18.49875055,1206.0,-0.125926742,2029.0,1.12458194,3213.0,145.2734375,,,1240.0,-0.419012785,,,,,,,,,,
3426.0,20.42870324,1235.0,-0.124094881,2053.0,1.098662207,3269.0,147.1796875,,,1242.0,-0.368207209,,,,,,,,,,
3471.0,17.23772744,1236.0,-0.355294877,2060.0,0.939799331,3297.0,154.328125,,,1248.0,-0.385006772,,,,,,,,,,
3493.0,21.20130294,1246.0,-0.144941548,2070.0,0.628762542,3301.0,174.4453125,,,1264.0,-1.285631263,,,,,,,,,,
,,1247.0,-0.319965154,2071.0,0.741638796,3361.0,149.03125,,,1279.0,-0.742983306,,,,,,,,,,
,,1248.0,-0.147826201,2081.0,1.02090301,3391.0,147.0703125,,,1289.0,-0.4555376,,,,,,,,,,
,,1249.0,-0.23761915,2170.0,0.822742475,3398.0,159.4609375,,,1291.0,-0.617628015,,,,,,,,,,
,,1271.0,-0.150041816,2174.0,1.185618729,3418.0,162.921875,,,1295.0,-0.579011603,,,,,,,,,,
,,1277.0,-0.228002011,2179.0,1.019230769,3430.0,146.890625,,,1309.0,-0.374969242,,,,,,,,,,
,,1279.0,-0.198547391,2208.0,0.715719064,3467.0,143.375,,,1310.0,-0.521834801,,,,,,,,,,
,,1285.0,-0.381446574,2220.0,0.996655518,,,,,1337.0,-0.483181018,,,,,,,,,,
,,1287.0,-0.308911459,2221.0,0.509197324,,,,,1344.0,-0.369825844,,,,,,,,,,
,,1310.0,-0.218016965,2225.0,0.993311037,,,,,1370.0,-0.431489386,,,,,,,,,,
,,1316.0,-0.182433321,2227.0,0.97826087,,,,,1371.0,-0.450082238,,,,,,,,,,
,,1325.0,-0.225299501,2264.0,1.061036789,,,,,1373.0,-1.022071192,,,,,,,,,,
,,1328.0,-0.160719816,2267.0,1.045150502,,,,,1399.0,-0.406467969,,,,,,,,,,
,,1331.0,-0.124623835,2282.0,0.856187291,,,,,1408.0,-0.437065922,,,,,,,,,,
,,1344.0,-0.10999675,2346.0,1.06187291,,,,,1409.0,-0.997392102,,,,,,,,,,
,,1345.0,-0.094423233,2352.0,0.626254181,,,,,1412.0,-0.796265936,,,,,,,,,,
,,1360.0,-0.123247103,2360.0,1.162207358,,,,,1434.0,-0.577054832,,,,,,,,,,
,,1366.0,-0.267006557,2392.0,0.867056856,,,,,1438.0,-0.547796532,,,,,,,,,,
,,1369.0,-0.148782839,2398.0,0.922240803,,,,,1442.0,-0.444882409,,,,,,,,,,
,,1390.0,-0.206521597,2433.0,0.673076923,,,,,1444.0,-0.397856837,,,,,,,,,,
,,1402.0,-0.181251499,2434.0,1.193979933,,,,,1460.0,-0.423161693,,,,,,,,,,
,,1404.0,-0.085951196,2454.0,0.826923077,,,,,1462.0,-0.535040066,,,,,,,,,,
,,1413.0,-0.095745188,2475.0,0.66722408,,,,,1466.0,-0.616029813,,,,,,,,,,
,,1434.0,-0.149323113,2478.0,0.510033445,,,,,1485.0,-0.548990547,,,,,,,,,,
,,1438.0,-0.116512624,2479.0,1.142140468,,,,,1496.0,-0.454706547,,,,,,,,,,
,,1441.0,-0.104229566,2497.0,1.18645485,,,,,1523.0,-0.669922519,,,,,,,,,,
,,1458.0,-0.168623214,2519.0,0.588628763,,,,,1525.0,-0.807788259,,,,,,,,,,
,,1466.0,-0.122888148,2557.0,0.93812709,,,,,1532.0,-0.390467131,,,,,,,,,,
,,1468.0,-0.097537105,2558.0,1.199832776,,,,,1539.0,-0.50985817,,,,,,,,,,
,,1491.0,-0.09104771,2579.0,0.903010033,,,,,1544.0,-0.373089166,,,,,,,,,,
,,1496.0,-0.103200771,2588.0,1.107859532,,,,,1549.0,-0.558265446,,,,,,,,,,
,,1520.0,-0.232265509,2604.0,0.846153846,,,,,1559.0,-0.670209223,,,,,,,,,,
,,1521.0,-0.08416679,2607.0,1.072742475,,,,,1561.0,-0.396994792,,,,,,,,,,
,,1524.0,-0.106715533,2616.0,0.934782609,,,,,1578.0,-0.397231442,,,,,,,,,,
,,1529.0,-0.101114174,2644.0,1.10451505,,,,,1583.0,-0.498774663,,,,,,,,,,
,,1552.0,-0.144941624,2690.0,1.16722408,,,,,1591.0,-0.594865024,,,,,,,,,,
,,1556.0,-0.472205817,2692.0,1.068561873,,,,,1602.0,-0.767792176,,,,,,,,,,
,,1568.0,-0.22326861,2694.0,1.011705686,,,,,1604.0,-0.450628984,,,,,,,,,,
,,1572.0,-0.094408436,2699.0,1.126254181,,,,,1618.0,-0.431156903,,,,,,,,,,
,,1597.0,-0.12147936,2728.0,0.618729097,,,,,1626.0,-0.39636057,,,,,,,,,,
,,1599.0,-0.20494247,2755.0,0.734113712,,,,,1627.0,-0.630942333,,,,,,,,,,
,,1617.0,-0.183039141,2758.0,0.772575251,,,,,1634.0,-0.382005401,,,,,,,,,,
,,1627.0,-0.228409568,2764.0,0.570234114,,,,,1651.0,-0.428360511,,,,,,,,,,
,,1629.0,-0.27547525,2770.0,0.282608696,,,,,1654.0,-0.465719549,,,,,,,,,,
,,1645.0,-0.253640474,2796.0,1.142976589,,,,,1660.0,-0.424222952,,,,,,,,,,
,,1656.0,-0.814920527,2822.0,0.574414716,,,,,1673.0,-0.584480022,,,,,,,,,,
,,1671.0,-0.167963918,2842.0,0.717391304,,,,,1677.0,-0.526481549,,,,,,,,,,
,,1693.0,-0.16462649,2852.0,0.670568562,,,,,1691.0,-0.498368512,,,,,,,,,,
,,1698.0,-0.118292069,2860.0,0.97993311,,,,,1692.0,-0.787813653,,,,,,,,,,
,,1713.0,-0.086566058,2881.0,0.736622074,,,,,1700.0,-1.755331667,,,,,,,,,,
,,1725.0,-0.102569494,2884.0,0.850334448,,,,,1701.0,-0.517021157,,,,,,,,,,
,,1728.0,-0.125318944,2891.0,0.741638796,,,,,1702.0,-0.362887301,,,,,,,,,,
,,1733.0,-0.157029889,2898.0,0.870401338,,,,,1710.0,-0.363182629,,,,,,,,,,
,,1757.0,-1.243047959,2912.0,0.943143813,,,,,1719.0,-0.613223971,,,,,,,,,,
,,1769.0,-0.201553289,2926.0,1.02173913,,,,,1728.0,-0.755588215,,,,,,,,,,
,,1789.0,-0.14420225,2929.0,1.190635452,,,,,1732.0,-0.453751758,,,,,,,,,,
,,1800.0,-0.563544395,2934.0,0.443143813,,,,,1734.0,-0.495919613,,,,,,,,,,
,,1827.0,-0.117524134,2952.0,1.040133779,,,,,1738.0,-0.635869161,,,,,,,,,,
,,1836.0,-0.237560431,2959.0,0.671404682,,,,,1740.0,-0.558206552,,,,,,,,,,
,,1862.0,-0.495959408,3009.0,1.091973244,,,,,1741.0,-0.469846623,,,,,,,,,,
,,1874.0,-0.169392319,3044.0,1.180602007,,,,,1743.0,-0.599134023,,,,,,,,,,
,,1901.0,-0.342646,3061.0,0.642140468,,,,,1747.0,-0.465566375,,,,,,,,,,
,,1903.0,-0.64592281,3106.0,0.661371237,,,,,1755.0,-0.470638942,,,,,,,,,,
,,1906.0,-0.125338864,3107.0,1.130434783,,,,,1769.0,-0.409392485,,,,,,,,,,
,,1914.0,-0.199618699,3112.0,0.884615385,,,,,1776.0,-0.371239336,,,,,,,,,,
,,1918.0,-0.157453673,3147.0,1.108695652,,,,,1782.0,-0.500284235,,,,,,,,,,
,,1921.0,-0.102704234,3160.0,0.62541806,,,,,1784.0,-0.571767105,,,,,,,,,,
,,1926.0,-0.285120899,3205.0,0.929765886,,,,,1786.0,-0.375044104,,,,,,,,,,
,,1937.0,-0.09848083,3215.0,0.927257525,,,,,1792.0,-0.444422013,,,,,,,,,,
,,1954.0,-0.788336545,3217.0,1.066889632,,,,,1815.0,-0.704374616,,,,,,,,,,
,,1981.0,-0.156429627,3223.0,0.490802676,,,,,1820.0,-0.496484337,,,,,,,,,,
,,1989.0,-0.223171164,3242.0,0.977424749,,,,,1829.0,-0.360226642,,,,,,,,,,
,,1997.0,-0.155980676,3261.0,0.867892977,,,,,1837.0,-0.365476727,,,,,,,,,,
,,2005.0,-0.24037832,3292.0,0.571070234,,,,,1850.0,-0.51666662,,,,,,,,,,
,,2010.0,-0.125990142,3314.0,1.161371237,,,,,1856.0,-0.752266542,,,,,,,,,,
,,2019.0,-0.209547105,3329.0,1.132943144,,,,,1879.0,-0.447587468,,,,,,,,,,
,,2025.0,-0.21339795,3358.0,0.494983278,,,,,1884.0,-0.96008249,,,,,,,,,,
,,2027.0,-0.131029307,3391.0,0.820234114,,,,,1890.0,-0.367023594,,,,,,,,,,
,,2031.0,-0.123523293,3405.0,0.971571906,,,,,1901.0,-0.384349496,,,,,,,,,,
,,2045.0,-0.09102117,3415.0,1.066889632,,,,,1902.0,-0.563010283,,,,,,,,,,
,,2046.0,-0.243763805,3423.0,0.97826087,,,,,1921.0,-0.442147879,,,,,,,,,,
,,2047.0,-0.177537351,3426.0,0.598662207,,,,,1947.0,-0.550595378,,,,,,,,,,
,,2060.0,-0.184104506,3471.0,0.924749164,,,,,1952.0,-0.71180853,,,,,,,,,,
,,2076.0,-0.123295178,3487.0,1.198996656,,,,,1953.0,62.86853087,,,,,,,,,,
,,2077.0,-0.339591121,3493.0,0.701505017,,,,,1957.0,-0.502093821,,,,,,,,,,
,,2086.0,-0.09142381,,,,,,,1973.0,-0.369041328,,,,,,,,,,
,,2089.0,-0.281326991,,,,,,,1980.0,-1.190659166,,,,,,,,,,
,,2093.0,-0.161578883,,,,,,,1988.0,-0.61279593,,,,,,,,,,
,,2100.0,-0.149983701,,,,,,,2007.0,-1.020967344,,,,,,,,,,
,,2106.0,-0.241404246,,,,,,,2012.0,-0.657251352,,,,,,,,,,
,,2130.0,-0.153797712,,,,,,,2013.0,-0.383489202,,,,,,,,,,
,,2147.0,-0.337525516,,,,,,,2016.0,-0.393499062,,,,,,,,,,
,,2154.0,-0.165023786,,,,,,,2025.0,-0.590819309,,,,,,,,,,
,,2158.0,-0.1487375,,,,,,,2031.0,-0.664588439,,,,,,,,,,
,,2167.0,-0.260833314,,,,,,,2035.0,-0.547843035,,,,,,,,,,
,,2176.0,-0.107809281,,,,,,,2042.0,-1.426008479,,,,,,,,,,
,,2185.0,-0.125126919,,,,,,,2044.0,-0.397127049,,,,,,,,,,
,,2192.0,-0.37293035,,,,,,,2055.0,-0.530214971,,,,,,,,,,
,,2194.0,-0.138817387,,,,,,,2058.0,-0.485548445,,,,,,,,,,
,,2196.0,-0.409039498,,,,,,,2059.0,-0.495320252,,,,,,,,,,
,,2202.0,-0.285642722,,,,,,,2070.0,-0.720544634,,,,,,,,,,
,,2214.0,-0.263595647,,,,,,,2071.0,-0.630157294,,,,,,,,,,
,,2261.0,-0.277940085,,,,,,,2093.0,-0.367062154,,,,,,,,,,
,,2283.0,-0.254162475,,,,,,,2102.0,-0.360186913,,,,,,,,,,
,,2289.0,-0.208422583,,,,,,,2105.0,-0.517323389,,,,,,,,,,
,,2292.0,-0.254775823,,,,,,,2121.0,-0.384992309,,,,,,,,,,
,,2321.0,-0.687209202,,,,,,,2122.0,-0.538020905,,,,,,,,,,
,,2324.0,-0.161601914,,,,,,,2124.0,-0.392104632,,,,,,,,,,
,,2333.0,-0.323419544,,,,,,,2151.0,-0.45201668,,,,,,,,,,
,,2335.0,-0.223970879,,,,,,,2169.0,-1.151807727,,,,,,,,,,
,,2337.0,-0.109745322,,,,,,,2170.0,-0.610486052,,,,,,,,,,
,,2339.0,-0.139667958,,,,,,,2171.0,-0.429760698,,,,,,,,,,
,,2346.0,-0.715221178,,,,,,,2172.0,-0.499100853,,,,,,,,,,
,,2352.0,-0.082271602,,,,,,,2176.0,-0.620856773,,,,,,,,,,
,,2357.0,-0.174958562,,,,,,,2189.0,-0.642960484,,,,,,,,,,
,,2367.0,-0.222934778,,,,,,,2196.0,-0.900755645,,,,,,,,,,
,,2379.0,-0.214395746,,,,,,,2215.0,-0.374472947,,,,,,,,,,
,,2406.0,-0.081760445,,,,,,,2237.0,-0.359222344,,,,,,,,,,
,,2415.0,-0.528109714,,,,,,,2247.0,-0.659448946,,,,,,,,,,
,,2419.0,-0.135011693,,,,,,,2258.0,-1.073750811,,,,,,,,,,
,,2425.0,-0.213881505,,,,,,,2277.0,-1.207837078,,,,,,,,,,
,,2436.0,-0.193868003,,,,,,,2282.0,-0.573335104,,,,,,,,,,
,,2445.0,-0.088268167,,,,,,,2299.0,-0.504540688,,,,,,,,,,
,,2451.0,-0.445529239,,,,,,,2306.0,-0.514347238,,,,,,,,,,
,,2454.0,-0.086301647,,,,,,,2314.0,-0.494766891,,,,,,,,,,
,,2459.0,-0.17201993,,,,,,,2318.0,-0.681334922,,,,,,,,,,
,,2474.0,-0.101259289,,,,,,,2326.0,-0.475249405,,,,,,,,,,
,,2478.0,-0.145718598,,,,,,,2328.0,-0.476255419,,,,,,,,,,
,,2485.0,-0.283428861,,,,,,,2330.0,-0.406666122,,,,,,,,,,
,,2492.0,-0.14200071,,,,,,,2332.0,-0.420245749,,,,,,,,,,
,,2504.0,-0.160566708,,,,,,,2337.0,-0.426159482,,,,,,,,,,
,,2508.0,-0.120530793,,,,,,,2339.0,-0.44414081,,,,,,,,,,
,,2509.0,-0.202542443,,,,,,,2346.0,-0.703953585,,,,,,,,,,
,,2551.0,-0.188187488,,,,,,,2352.0,-0.96973044,,,,,,,,,,
,,2552.0,-0.199783307,,,,,,,2354.0,-0.48574424,,,,,,,,,,
,,2553.0,-0.197473139,,,,,,,2355.0,-0.737542315,,,,,,,,,,
,,2555.0,-0.395943431,,,,,,,2356.0,-0.931859304,,,,,,,,,,
,,2563.0,-0.190712349,,,,,,,2368.0,-0.366651687,,,,,,,,,,
,,2566.0,-0.097256057,,,,,,,2369.0,-0.841093179,,,,,,,,,,
,,2590.0,-0.186698548,,,,,,,2374.0,-0.353205264,,,,,,,,,,
,,2594.0,-0.395508941,,,,,,,2392.0,-0.446177214,,,,,,,,,,
,,2602.0,-0.18439488,,,,,,,2393.0,-0.733680527,,,,,,,,,,
,,2603.0,-0.132022037,,,,,,,2394.0,-0.747706378,,,,,,,,,,
,,2606.0,-0.329892811,,,,,,,2395.0,-0.417014716,,,,,,,,,,
,,2616.0,-0.122189065,,,,,,,2401.0,-0.442749672,,,,,,,,,,
,,2620.0,-0.943275425,,,,,,,2403.0,-0.358660018,,,,,,,,,,
,,2635.0,-0.170622827,,,,,,,2408.0,-0.541867485,,,,,,,,,,
,,2640.0,-0.353121474,,,,,,,2415.0,-0.810518903,,,,,,,,,,
,,2649.0,-0.243341594,,,,,,,2425.0,-0.41926369,,,,,,,,,,
,,2658.0,-0.100787599,,,,,,,2436.0,-0.682682689,,,,,,,,,,
,,2695.0,-0.175096769,,,,,,,2439.0,-0.413007658,,,,,,,,,,
,,2709.0,-0.118252793,,,,,,,2456.0,-0.526288879,,,,,,,,,,
,,2724.0,-0.082479963,,,,,,,2459.0,-0.488832123,,,,,,,,,,
,,2750.0,-0.616140169,,,,,,,2463.0,-0.490855991,,,,,,,,,,
,,2753.0,-0.135417258,,,,,,,2464.0,-0.442187167,,,,,,,,,,
,,2758.0,-0.151711603,,,,,,,2466.0,-0.605069296,,,,,,,,,,
,,2760.0,-0.109775948,,,,,,,2467.0,-0.436555857,,,,,,,,,,
,,2768.0,-0.269174771,,,,,,,2474.0,-0.398289737,,,,,,,,,,
,,2773.0,-0.322081418,,,,,,,2483.0,-0.362528645,,,,,,,,,,
,,2776.0,-0.134250891,,,,,,,2489.0,-0.387154329,,,,,,,,,,
,,2790.0,-0.087278151,,,,,,,2492.0,-0.770586756,,,,,,,,,,
,,2799.0,-0.152566571,,,,,,,2498.0,-0.898428741,,,,,,,,,,
,,2806.0,-0.229152413,,,,,,,2499.0,-0.690165637,,,,,,,,,,
,,2832.0,-0.125898616,,,,,,,2504.0,-0.593484133,,,,,,,,,,
,,2852.0,-0.145787361,,,,,,,2508.0,-0.457801414,,,,,,,,,,
,,2868.0,-0.098536494,,,,,,,2509.0,-0.439521856,,,,,,,,,,
,,2879.0,-0.293358459,,,,,,,2552.0,-0.426999545,,,,,,,,,,
,,2904.0,-0.305418476,,,,,,,2558.0,-0.429864195,,,,,,,,,,
,,2912.0,-0.14220215,,,,,,,2570.0,-0.44365755,,,,,,,,,,
,,2915.0,-0.238446444,,,,,,,2583.0,-0.394362917,,,,,,,,,,
,,2916.0,-0.370005762,,,,,,,2589.0,-0.410765529,,,,,,,,,,
,,2928.0,-0.276795859,,,,,,,2590.0,-0.424594113,,,,,,,,,,
,,2930.0,-0.284614307,,,,,,,2592.0,-0.583776328,,,,,,,,,,
,,2942.0,-0.285003623,,,,,,,2615.0,-0.421265194,,,,,,,,,,
,,2949.0,-0.203597601,,,,,,,2636.0,-0.424998369,,,,,,,,,,
,,2953.0,-0.149463638,,,,,,,2643.0,-0.512699409,,,,,,,,,,
,,2963.0,-0.317051551,,,,,,,2650.0,-0.366704922,,,,,,,,,,
,,2974.0,-0.120540504,,,,,,,2679.0,-0.796270961,,,,,,,,,,
,,2985.0,-0.261539631,,,,,,,2687.0,-0.409383801,,,,,,,,,,
,,2999.0,-0.221300953,,,,,,,2706.0,-0.379885483,,,,,,,,,,
,,3009.0,-0.282400762,,,,,,,2730.0,-0.596122377,,,,,,,,,,
,,3011.0,-0.282344175,,,,,,,2734.0,-0.705472728,,,,,,,,,,
,,3027.0,-0.250833836,,,,,,,2741.0,-0.431335674,,,,,,,,,,
,,3047.0,-0.443881493,,,,,,,2744.0,-0.877518146,,,,,,,,,,
,,3055.0,-0.108407305,,,,,,,2750.0,-0.553531651,,,,,,,,,,
,,3061.0,-0.236577724,,,,,,,2768.0,-0.637333771,,,,,,,,,,
,,3063.0,-0.258911397,,,,,,,2776.0,-0.546019815,,,,,,,,,,
,,3089.0,-0.294822529,,,,,,,2778.0,-0.537727309,,,,,,,,,,
,,3101.0,-0.160866045,,,,,,,2790.0,-0.478336499,,,,,,,,,,
,,3118.0,-0.338907832,,,,,,,2806.0,-0.370637222,,,,,,,,,,
,,3128.0,-0.413414383,,,,,,,2809.0,-0.379436784,,,,,,,,,,
,,3148.0,-0.173434182,,,,,,,2815.0,65.38597385,,,,,,,,,,
,,3152.0,-0.081685994,,,,,,,2828.0,-0.486637088,,,,,,,,,,
,,3163.0,-0.909645685,,,,,,,2832.0,-0.581299512,,,,,,,,,,
,,3167.0,-0.234422119,,,,,,,2833.0,-0.393822915,,,,,,,,,,
,,3180.0,-0.091955609,,,,,,,2839.0,-1.018931534,,,,,,,,,,
,,3181.0,-0.133909843,,,,,,,2841.0,-0.698371022,,,,,,,,,,
,,3182.0,-0.442946116,,,,,,,2858.0,-0.624935104,,,,,,,,,,
,,3188.0,-0.139680069,,,,,,,2878.0,-0.390906508,,,,,,,,,,
,,3205.0,-0.154719171,,,,,,,2900.0,-0.685811889,,,,,,,,,,
,,3217.0,-0.249829928,,,,,,,2903.0,-0.42495744,,,,,,,,,,
,,3219.0,-0.116520845,,,,,,,2905.0,-0.482835019,,,,,,,,,,
,,3222.0,-0.213667181,,,,,,,2912.0,-0.532189049,,,,,,,,,,
,,3227.0,-0.258301143,,,,,,,2914.0,-0.495563862,,,,,,,,,,
,,3238.0,-0.279412128,,,,,,,2915.0,-0.45847628,,,,,,,,,,
,,3248.0,-0.191336828,,,,,,,2916.0,-0.563544909,,,,,,,,,,
,,3269.0,-0.190495376,,,,,,,2922.0,-0.402615325,,,,,,,,,,
,,3283.0,-0.131220122,,,,,,,2927.0,-0.409775818,,,,,,,,,,
,,3297.0,-0.447880355,,,,,,,2928.0,-0.40409455,,,,,,,,,,
,,3301.0,-0.96785605,,,,,,,2941.0,-0.356135118,,,,,,,,,,
,,3308.0,-0.161477448,,,,,,,2942.0,-1.087748183,,,,,,,,,,
,,3324.0,-0.082759748,,,,,,,2950.0,-0.551473194,,,,,,,,,,
,,3328.0,-0.124295853,,,,,,,2956.0,-1.308232913,,,,,,,,,,
,,3332.0,-0.082239059,,,,,,,2959.0,-0.474659038,,,,,,,,,,
,,3334.0,-0.10832174,,,,,,,2964.0,-0.94416477,,,,,,,,,,
,,3349.0,-0.083100066,,,,,,,2971.0,-1.24712325,,,,,,,,,,
,,3361.0,-0.114911756,,,,,,,2979.0,-0.591203117,,,,,,,,,,
,,3366.0,-0.295049069,,,,,,,2987.0,-0.490890709,,,,,,,,,,
,,3382.0,-0.329768528,,,,,,,2990.0,-0.476678852,,,,,,,,,,
,,3391.0,-0.417425064,,,,,,,3013.0,-0.470119865,,,,,,,,,,
,,3394.0,-0.116892237,,,,,,,3029.0,-0.539189951,,,,,,,,,,
,,3397.0,-0.106678487,,,,,,,3047.0,-0.671787462,,,,,,,,,,
,,3398.0,-0.092523198,,,,,,,3055.0,-0.431259477,,,,,,,,,,
,,3409.0,-0.125938944,,,,,,,3088.0,-0.492492093,,,,,,,,,,
,,3416.0,-0.183381239,,,,,,,3093.0,-0.656425154,,,,,,,,,,
,,3418.0,-1.120766883,,,,,,,3094.0,-0.41898343,,,,,,,,,,
,,3429.0,-0.126494408,,,,,,,3096.0,-0.540014664,,,,,,,,,,
,,3467.0,-0.097355231,,,,,,,3102.0,-0.444129432,,,,,,,,,,
,,3475.0,-0.109619083,,,,,,,3104.0,-0.433701205,,,,,,,,,,
,,3484.0,-0.15290576,,,,,,,3118.0,-0.407173712,,,,,,,,,,
,,3495.0,-0.111088336,,,,,,,3128.0,-0.444905174,,,,,,,,,,
,,3496.0,-0.121952426,,,,,,,3129.0,-0.632872049,,,,,,,,,,
,,,,,,,,,,3130.0,63.46638835,,,,,,,,,,
,,,,,,,,,,3132.0,-0.500010301,,,,,,,,,,
,,,,,,,,,,3141.0,-0.449955417,,,,,,,,,,
,,,,,,,,,,3142.0,-0.54103849,,,,,,,,,,
,,,,,,,,,,3147.0,-0.498929244,,,,,,,,,,
,,,,,,,,,,3150.0,-0.452238868,,,,,,,,,,
,,,,,,,,,,3151.0,-0.684606691,,,,,,,,,,
,,,,,,,,,,3152.0,-0.528603896,,,,,,,,,,
,,,,,,,,,,3165.0,-0.377993387,,,,,,,,,,
,,,,,,,,,,3173.0,-0.409028356,,,,,,,,,,
,,,,,,,,,,3178.0,-0.611238169,,,,,,,,,,
,,,,,,,,,,3180.0,-0.417057902,,,,,,,,,,
,,,,,,,,,,3181.0,-0.610810262,,,,,,,,,,
,,,,,,,,,,3188.0,-0.540490784,,,,,,,,,,
,,,,,,,,,,3192.0,-0.538699499,,,,,,,,,,
,,,,,,,,,,3193.0,-0.687688373,,,,,,,,,,
,,,,,,,,,,3197.0,-0.454981747,,,,,,,,,,
,,,,,,,,,,3202.0,-0.41402209,,,,,,,,,,
,,,,,,,,,,3205.0,-0.654944883,,,,,,,,,,
,,,,,,,,,,3206.0,-0.410603449,,,,,,,,,,
,,,,,,,,,,3217.0,-0.70806345,,,,,,,,,,
,,,,,,,,,,3257.0,-0.785820127,,,,,,,,,,
,,,,,,,,,,3293.0,-0.600009457,,,,,,,,,,
,,,,,,,,,,3302.0,-1.139068864,,,,,,,,,,
,,,,,,,,,,3306.0,-0.578751719,,,,,,,,,,
,,,,,,,,,,3308.0,-0.592043142,,,,,,,,,,
,,,,,,,,,,3315.0,-0.35639111,,,,,,,,,,
,,,,,,,,,,3325.0,-0.526465219,,,,,,,,,,
,,,,,,,,,,3334.0,-0.473577634,,,,,,,,,,
,,,,,,,,,,3343.0,-0.55065281,,,,,,,,,,
,,,,,,,,,,3354.0,-0.387463737,,,,,,,,,,
,,,,,,,,,,3366.0,-0.728040811,,,,,,,,,,
,,,,,,,,,,3388.0,-0.627974904,,,,,,,,,,
,,,,,,,,,,3394.0,-0.65171455,,,,,,,,,,
,,,,,,,,,,3398.0,-0.35918513,,,,,,,,,,
,,,,,,,,,,3410.0,-0.411970283,,,,,,,,,,
,,,,,,,,,,3413.0,-0.471540254,,,,,,,,,,
,,,,,,,,,,3416.0,-0.434199386,,,,,,,,,,
,,,,,,,,,,3430.0,-0.637333237,,,,,,,,,,
,,,,,,,,,,3437.0,-0.419453083,,,,,,,,,,
,,,,,,,,,,3442.0,-1.040047783,,,,,,,,,,
,,,,,,,,,,3452.0,-0.65334814,,,,,,,,,,
,,,,,,,,,,3453.0,-0.470415228,,,,,,,,,,
,,,,,,,,,,3457.0,-0.60777109,,,,,,,,,,
,,,,,,,,,,3468.0,-0.461098767,,,,,,,,,,
,,,,,,,,,,3477.0,-0.482680667,,,,,,,,,,
,,,,,,,,,,3482.0,-0.48872364,,,,,,,,,,
,,,,,,,,,,3489.0,-0.386009479,,,,,,,,,,
,,,,,,,,,,3490.0,-0.399577412,,,,,,,,,,
,,,,,,,,,,3492.0,-0.398664735,,,,,,,,,,
,,,,,,,,,,3493.0,-0.359665022,,,,,,,,,,
,,,,,,,,,,3497.0,-0.406630775,,,,,,,,,,
